,0
바라만 본다,MSG워너비(M.O.M)
Next Level,aespa
신호등,이무진
Permission to Dance,방탄소년단
Butter,방탄소년단
Weekend,태연 (TAEYEON)
헤픈 우연,헤이즈 (Heize)
치맛바람 (Chi Mat Ba Ram),브레이브걸스
Dun Dun Dance,오마이걸 (OH MY GIRL)
나를 아는 사람,MSG워너비(정상동기)
Peaches (Feat. Daniel Caesar & Giveon),Justin Bieber
롤린 (Rollin'),브레이브걸스
Alcohol-Free,TWICE (트와이스)
Dynamite,방탄소년단
라일락,아이유
비와 당신,이무진
ASAP,STAYC(스테이씨)
좋아좋아,조정석
하루만 더,빅마마
안녕 (Hello),조이 (JOY)
Celebrity,아이유
운전만해 (We Ride),브레이브걸스
상상더하기,라붐 (LABOUM)
"사이렌 Remix (Feat. UNEDUCATED KID, Paul Blanco)",호미들
Timeless,SG 워너비
멜로디,ASH ISLAND
내 손을 잡아,아이유
고백,장범준
밝게 빛나는 별이 되어 비춰줄게,송이한
넌 좋은 사람,SG 워너비
Savage Love (Laxed - Siren Beat) (BTS Remix),Jawsh 685
OHAYO MY NIGHT,디핵 (D-Hack)
밤하늘의 별을(2020),경서
라라라,SG 워너비
작은 것들을 위한 시 (Boy With Luv) (Feat. Halsey),방탄소년단
난 너를 사랑해,MSG워너비
Lovesick Girls,BLACKPINK
비 오는 날 듣기 좋은 노래 (Feat. Colde),에픽하이 (EPIK HIGH)
"LOVE DAY (2021) (바른연애 길잡이 X 양요섭, 정은지)",양요섭
Dolphin,오마이걸 (OH MY GIRL)
잠이 오질 않네요,장범준
추억은 만남보다 이별에 남아,정동하
마.피.아. In the morning,ITZY (있지)
에잇(Prod.&Feat. SUGA of BTS),아이유
Blueming,아이유
취기를 빌려 (취향저격 그녀 X 산들),산들
Life Goes On,방탄소년단
아로하,조정석
다정히 내 이름을 부르면,경서예지
봄날,방탄소년단
"어떻게 이별까지 사랑하겠어, 널 사랑하는 거지",AKMU (악동뮤지션)
Off My Face,Justin Bieber
내사람,SG 워너비
Coin,아이유
어푸 (Ah puh),아이유
VVS (Feat. JUSTHIS) (Prod. GroovyRoom),미란이 (Mirani)
2002,Anne-Marie
On The Ground,로제 (ROSÉ)
가을 우체국 앞에서,김대명
그날에 나는 맘이 편했을까,이예준
METEOR,창모 (CHANGMO)
12:45 (Stripped),Etham
나랑 같이 걸을래 (바른연애 길잡이 X 적재),적재
흔들리는 꽃들 속에서 네 샴푸향이 느껴진거야,장범준
다시 사랑할 수 있을까,백지영
러브(Prod.로코베리),로꼬
"모든 날, 모든 순간 (Every day, Every Moment)",폴킴
어떻게 지내 (Prod. By VAN.C),오반 (OVAN)
너의 번호를 누르고 (Prod. 영화처럼),#안녕
허리춤,오반 (OVAN)
오래된 노래,스탠딩 에그
Memories,Maroon 5
나는 너 좋아,장범준
Bad Habits,Ed Sheeran
살짝 설렜어 (Nonstop),오마이걸 (OH MY GIRL)
오늘도 빛나는 너에게 (To You My Light) (Feat.이라온),마크툽 (MAKTUB)
체념,MSG워너비(정상동기)
이제 나만 믿어요,임영웅
늦은 밤 너의 집 앞 골목길에서,노을
사실 나는 (Feat.전건호),경서예지
그냥 안아달란 말야,다비치
How You Like That,BLACKPINK
이 밤을 빌려 말해요 (바른연애 길잡이 X 10CM),10CM
한여름밤의 꿀 : 다시 여름,San E
추적이는 여름 비가 되어,장범준
Way Back Home (2021),런치
Dance Monkey,Tones And I
힘든 건 사랑이 아니다,임창정
이렇게 좋아해 본 적이 없어요,CHEEZE (치즈)
너의 발걸음에 빛을 비춰줄게 (Prod. 조영수),케이시 (Kassy)
살다가,SG 워너비
Paris In The Rain,Lauv
마음을 드려요,아이유
너를 만나,폴킴
Don't Start Now,Dua Lipa
Love poem,아이유
오늘따라 더 미운 그대가,전상근
잡아줄게 (Carabiner),ASH ISLAND
내 마음이 움찔했던 순간 (취향저격 그녀 X 규현),규현 (KYUHYUN)
